[ {
  "uid" : "3ad55049e3bf6a45",
  "name" : "6.车辆出场",
  "time" : {
    "start" : 1670571081232,
    "stop" : 1670571088713,
    "duration" : 7481
  },
  "status" : "broken",
  "severity" : "normal"
}, {
  "uid" : "4302b730de6e92d6",
  "name" : "3.添加堆存计划",
  "time" : {
    "start" : 1670571020723,
    "stop" : 1670571031126,
    "duration" : 10403
  },
  "status" : "broken",
  "severity" : "normal"
}, {
  "uid" : "464ee460dced9522",
  "name" : "5.车载落箱",
  "time" : {
    "start" : 1670571041729,
    "stop" : 1670571081183,
    "duration" : 39454
  },
  "status" : "broken",
  "severity" : "normal"
}, {
  "uid" : "6e17592c9e90a62c",
  "name" : "2.新增计划箱和箱信息",
  "time" : {
    "start" : 1670570992814,
    "stop" : 1670571020708,
    "duration" : 27894
  },
  "status" : "failed",
  "severity" : "normal"
}, {
  "uid" : "6c7deefe68e19ae6",
  "name" : "1.新增进箱计划",
  "time" : {
    "start" : 1670570969406,
    "stop" : 1670570992797,
    "duration" : 23391
  },
  "status" : "failed",
  "severity" : "normal"
}, {
  "uid" : "ef93c520b84c874e",
  "name" : "4.送箱进场登记",
  "time" : {
    "start" : 1670571031171,
    "stop" : 1670571041672,
    "duration" : 10501
  },
  "status" : "broken",
  "severity" : "normal"
} ]