{
  "uid" : "b1a8273437954620fa374b796ffaacdd",
  "name" : "behaviors",
  "children" : [ {
    "name" : "进箱计划流程",
    "children" : [ {
      "name" : "1.新增进箱计划",
      "uid" : "6c7deefe68e19ae6",
      "parentUid" : "c0cb636645bf9daa62cefc6bc0b28937",
      "status" : "failed",
      "time" : {
        "start" : 1670570969406,
        "stop" : 1670570992797,
        "duration" : 23391
      },
      "flaky" : false,
      "newFailed" : false,
      "parameters" : [ "{'堆场': 'FZ/辅助区堆场', '进场作业类型': 'PQK/平台国检前箱进场K', '送港类型': '直装', '外部编号': '1000', '计划来源': 'YS04/尚东', '是否安排运务': '是', '来源地': 'SH/上海', '备注': '没有备注', 'addplanalert': '新增成功'}" ]
    }, {
      "name" : "2.新增计划箱和箱信息",
      "uid" : "6e17592c9e90a62c",
      "parentUid" : "c0cb636645bf9daa62cefc6bc0b28937",
      "status" : "failed",
      "time" : {
        "start" : 1670570992814,
        "stop" : 1670571020708,
        "duration" : 27894
      },
      "flaky" : false,
      "newFailed" : false,
      "parameters" : [ "{'尺寸': '10', '箱型': 'GP', '箱高': '8', '持箱人': 'HLYS/上海港城危险品物流', 'addplanalert': '新增成功', '提单号': 'TD1000', '件数': 5, '重量': 10, '货名': '石头'}" ]
    }, {
      "name" : "3.添加堆存计划",
      "uid" : "4302b730de6e92d6",
      "parentUid" : "c0cb636645bf9daa62cefc6bc0b28937",
      "status" : "broken",
      "time" : {
        "start" : 1670571020723,
        "stop" : 1670571031126,
        "duration" : 10403
      },
      "flaky" : false,
      "newFailed" : false,
      "parameters" : [ "{'优先级': '1', '箱区': 'A4', '起始倍位': '1', '终止倍位': '91', 'alert': '保存成功'}" ]
    }, {
      "name" : "4.送箱进场登记",
      "uid" : "ef93c520b84c874e",
      "parentUid" : "c0cb636645bf9daa62cefc6bc0b28937",
      "status" : "broken",
      "time" : {
        "start" : 1670571031171,
        "stop" : 1670571041672,
        "duration" : 10501
      },
      "flaky" : false,
      "newFailed" : false,
      "parameters" : [ "{'道口': '01', '车牌': '沪', '车号': 'TEST12345', '手机号': 13122224444, 'alert': '成功', '堆场': 'FZ/辅助区堆场', '进场作业类型': 'GDZZ/冠东转栈进场', '送港类型': '直装', '外部编号': 1000, '计划来源': 'YS04/尚东', '是否安排运务': '是', '来源地': 'SH/上海', '尺寸': '10', '箱型': 'GP', '箱高': '8', '持箱人': 'HLYS/上海港城危险品物流'}" ]
    }, {
      "name" : "5.车载落箱",
      "uid" : "464ee460dced9522",
      "parentUid" : "c0cb636645bf9daa62cefc6bc0b28937",
      "status" : "broken",
      "time" : {
        "start" : 1670571041729,
        "stop" : 1670571081183,
        "duration" : 39454
      },
      "flaky" : false,
      "newFailed" : false,
      "parameters" : [ "{'堆场': 'FZ/辅助区堆场', '操作': '查找指令', '空重': '重箱', '车牌': '沪', '车号': 'TEST12345', 'alert': '成功', '道口': '01', 'caroutalert': 'None'}" ]
    }, {
      "name" : "6.车辆出场",
      "uid" : "3ad55049e3bf6a45",
      "parentUid" : "c0cb636645bf9daa62cefc6bc0b28937",
      "status" : "broken",
      "time" : {
        "start" : 1670571081232,
        "stop" : 1670571088713,
        "duration" : 7481
      },
      "flaky" : false,
      "newFailed" : false,
      "parameters" : [ "{'堆场': 'FZ/辅助区堆场', '操作': '查找指令', '空重': '重箱', '车牌': '沪', '车号': 'TEST12345', 'alert': '成功', '道口': '01', 'caroutalert': 'None'}" ]
    } ],
    "uid" : "c0cb636645bf9daa62cefc6bc0b28937"
  } ]
}