{
  "uid" : "4b4757e66a1912dae1a509f688f20b0f",
  "name" : "categories",
  "children" : [ {
    "name" : "Product defects",
    "children" : [ {
      "name" : "AssertionError: FAILURE: \nassert '否' == '是'\n  - 是\n  + 否\ngoinboxprocess\\test_01_goin_box_process.py:27 in testAddGoInPlan_BoxNumber() -> goInPlan.addPlan(input)\n..\\..\\PageObject\\BoxManagement\\goInPlan_BoxNumber.py:56 in addPlan() -> check.equal(tableCheck.get_value(\"是否安排运务\"), input['是否安排运务'])\n\n------------------------------------------------------------\nFailed Checks: 1",
      "children" : [ {
        "name" : "1.新增进箱计划",
        "uid" : "6c7deefe68e19ae6",
        "parentUid" : "4d72599f550582fa8c64c44694c2d1ed",
        "status" : "failed",
        "time" : {
          "start" : 1670570969406,
          "stop" : 1670570992797,
          "duration" : 23391
        },
        "flaky" : false,
        "newFailed" : false,
        "parameters" : [ "{'堆场': 'FZ/辅助区堆场', '进场作业类型': 'PQK/平台国检前箱进场K', '送港类型': '直装', '外部编号': '1000', '计划来源': 'YS04/尚东', '是否安排运务': '是', '来源地': 'SH/上海', '备注': '没有备注', 'addplanalert': '新增成功'}" ]
      } ],
      "uid" : "4d72599f550582fa8c64c44694c2d1ed"
    }, {
      "name" : "AssertionError: FAILURE: \nassert False\n +  where False = bool(False)\ngoinboxprocess\\test_01_goin_box_process.py:39 in testAddBox() -> boxPlan.clickExcute(1)\n..\\..\\PageObject\\BoxManagement\\goInPlan_BoxNumber.py:114 in clickExcute() -> check.is_true(self.has_alert(\"下发执行成功\"))\n\nFAILURE: \nassert '计划' == '执行'\n  - 执行\n  + 计划\ngoinboxprocess\\test_01_goin_box_process.py:39 in testAddBox() -> boxPlan.clickExcute(1)\n..\\..\\PageObject\\BoxManagement\\goInPlan_BoxNumber.py:117 in clickExcute() -> check.equal(tableCheck.get_value(\"计划状态\"), \"执行\")\n\n------------------------------------------------------------\nFailed Checks: 2",
      "children" : [ {
        "name" : "2.新增计划箱和箱信息",
        "uid" : "6e17592c9e90a62c",
        "parentUid" : "c0d1c6cb9c6db6e1255b0221de5a2695",
        "status" : "failed",
        "time" : {
          "start" : 1670570992814,
          "stop" : 1670571020708,
          "duration" : 27894
        },
        "flaky" : false,
        "newFailed" : false,
        "parameters" : [ "{'尺寸': '10', '箱型': 'GP', '箱高': '8', '持箱人': 'HLYS/上海港城危险品物流', 'addplanalert': '新增成功', '提单号': 'TD1000', '件数': 5, '重量': 10, '货名': '石头'}" ]
      } ],
      "uid" : "c0d1c6cb9c6db6e1255b0221de5a2695"
    } ],
    "uid" : "8fb3a91ba5aaf9de24cc8a92edc82b5d"
  }, {
    "name" : "Test defects",
    "children" : [ {
      "name" : "Exception: 定位不到元素",
      "children" : [ {
        "name" : "3.添加堆存计划",
        "uid" : "4302b730de6e92d6",
        "parentUid" : "f649aa53b19ff16923b1144568f7ff64",
        "status" : "broken",
        "time" : {
          "start" : 1670571020723,
          "stop" : 1670571031126,
          "duration" : 10403
        },
        "flaky" : false,
        "newFailed" : false,
        "parameters" : [ "{'优先级': '1', '箱区': 'A4', '起始倍位': '1', '终止倍位': '91', 'alert': '保存成功'}" ]
      }, {
        "name" : "4.送箱进场登记",
        "uid" : "ef93c520b84c874e",
        "parentUid" : "f649aa53b19ff16923b1144568f7ff64",
        "status" : "broken",
        "time" : {
          "start" : 1670571031171,
          "stop" : 1670571041672,
          "duration" : 10501
        },
        "flaky" : false,
        "newFailed" : false,
        "parameters" : [ "{'道口': '01', '车牌': '沪', '车号': 'TEST12345', '手机号': 13122224444, 'alert': '成功', '堆场': 'FZ/辅助区堆场', '进场作业类型': 'GDZZ/冠东转栈进场', '送港类型': '直装', '外部编号': 1000, '计划来源': 'YS04/尚东', '是否安排运务': '是', '来源地': 'SH/上海', '尺寸': '10', '箱型': 'GP', '箱高': '8', '持箱人': 'HLYS/上海港城危险品物流'}" ]
      }, {
        "name" : "6.车辆出场",
        "uid" : "3ad55049e3bf6a45",
        "parentUid" : "f649aa53b19ff16923b1144568f7ff64",
        "status" : "broken",
        "time" : {
          "start" : 1670571081232,
          "stop" : 1670571088713,
          "duration" : 7481
        },
        "flaky" : false,
        "newFailed" : false,
        "parameters" : [ "{'堆场': 'FZ/辅助区堆场', '操作': '查找指令', '空重': '重箱', '车牌': '沪', '车号': 'TEST12345', 'alert': '成功', '道口': '01', 'caroutalert': 'None'}" ]
      } ],
      "uid" : "f649aa53b19ff16923b1144568f7ff64"
    }, {
      "name" : "selenium.common.exceptions.NoSuchElementException: Message: no such element: Unable to locate element: {\"method\":\"xpath\",\"selector\":\"(//div[@class='bayCon']//span[@data-tier-no and @data-row-no]//div[@class='gridItemC gridItemC-cs']/div[1][text()=' '])[1]//parent::div\"}\n  (Session info: chrome=108.0.5359.96)\nStacktrace:\nBacktrace:\n\tOrdinal0 [0x0035ACD3+2075859]\n\tOrdinal0 [0x002EEE61+1633889]\n\tOrdinal0 [0x001EB7BD+571325]\n\tOrdinal0 [0x0021AC2F+764975]\n\tOrdinal0 [0x0021AE1B+765467]\n\tOrdinal0 [0x0024D0F2+970994]\n\tOrdinal0 [0x00237364+881508]\n\tOrdinal0 [0x0024B56A+963946]\n\tOrdinal0 [0x00237136+880950]\n\tOrdinal0 [0x0020FEFD+720637]\n\tOrdinal0 [0x00210F3F+724799]\n\tGetHandleVerifier [0x0060EED2+2769538]\n\tGetHandleVerifier [0x00600D95+2711877]\n\tGetHandleVerifier [0x003EA03A+521194]\n\tGetHandleVerifier [0x003E8DA0+516432]\n\tOrdinal0 [0x002F682C+1665068]\n\tOrdinal0 [0x002FB128+1683752]\n\tOrdinal0 [0x002FB215+1683989]\n\tOrdinal0 [0x00306484+1729668]\n\tBaseThreadInitThunk [0x75CD6939+25]\n\tRtlGetFullPathName_UEx [0x775C8FD2+1218]\n\tRtlGetFullPathName_UEx [0x775C8F9D+1165]",
      "children" : [ {
        "name" : "5.车载落箱",
        "uid" : "464ee460dced9522",
        "parentUid" : "e5587456077fd53cd84ca29b298546fc",
        "status" : "broken",
        "time" : {
          "start" : 1670571041729,
          "stop" : 1670571081183,
          "duration" : 39454
        },
        "flaky" : false,
        "newFailed" : false,
        "parameters" : [ "{'堆场': 'FZ/辅助区堆场', '操作': '查找指令', '空重': '重箱', '车牌': '沪', '车号': 'TEST12345', 'alert': '成功', '道口': '01', 'caroutalert': 'None'}" ]
      } ],
      "uid" : "e5587456077fd53cd84ca29b298546fc"
    } ],
    "uid" : "bdbf199525818fae7a8651db9eafe741"
  } ]
}