"Status","Start Time","Stop Time","Duration in ms","Parent Suite","Suite","Sub Suite","Test Class","Test Method","Name","Description"
"failed","Fri Dec 09 15:29:29 CST 2022","Fri Dec 09 15:29:52 CST 2022","23391","TestCase.SmokeTest.goinboxprocess","test_01_goin_box_process","","","","1.新增进箱计划",""
"broken","Fri Dec 09 15:30:41 CST 2022","Fri Dec 09 15:31:21 CST 2022","39454","TestCase.SmokeTest.goinboxprocess","test_01_goin_box_process","","","","5.车载落箱","车载操作"
"broken","Fri Dec 09 15:30:20 CST 2022","Fri Dec 09 15:30:31 CST 2022","10403","TestCase.SmokeTest.goinboxprocess","test_01_goin_box_process","","","","3.添加堆存计划",""
"failed","Fri Dec 09 15:29:52 CST 2022","Fri Dec 09 15:30:20 CST 2022","27894","TestCase.SmokeTest.goinboxprocess","test_01_goin_box_process","","","","2.新增计划箱和箱信息",""
"broken","Fri Dec 09 15:30:31 CST 2022","Fri Dec 09 15:30:41 CST 2022","10501","TestCase.SmokeTest.goinboxprocess","test_01_goin_box_process","","","","4.送箱进场登记","送箱进场登记有计划"
"broken","Fri Dec 09 15:31:21 CST 2022","Fri Dec 09 15:31:28 CST 2022","7481","TestCase.SmokeTest.goinboxprocess","test_01_goin_box_process","","","","6.车辆出场","车辆出场"
