{
  "9ee9b44878cd5f9e0bd4ef0754552516" : {
    "statistic" : {
      "failed" : 1,
      "broken" : 0,
      "skipped" : 0,
      "passed" : 0,
      "unknown" : 0,
      "total" : 1
    },
    "items" : [ {
      "uid" : "6c7deefe68e19ae6",
      "status" : "failed",
      "statusDetails" : "AssertionError: FAILURE: \nassert '否' == '是'\n  - 是\n  + 否\ngoinboxprocess\\test_01_goin_box_process.py:27 in testAddGoInPlan_BoxNumber() -> goInPlan.addPlan(input)\n..\\..\\PageObject\\BoxManagement\\goInPlan_BoxNumber.py:56 in addPlan() -> check.equal(tableCheck.get_value(\"是否安排运务\"), input['是否安排运务'])\n\n------------------------------------------------------------\nFailed Checks: 1",
      "time" : {
        "start" : 1670570969406,
        "stop" : 1670570992797,
        "duration" : 23391
      }
    } ]
  },
  "a17bb0a83459a6356667a1732c228a46" : {
    "statistic" : {
      "failed" : 0,
      "broken" : 1,
      "skipped" : 0,
      "passed" : 0,
      "unknown" : 0,
      "total" : 1
    },
    "items" : [ {
      "uid" : "ef93c520b84c874e",
      "status" : "broken",
      "statusDetails" : "Exception: 定位不到元素",
      "time" : {
        "start" : 1670571031171,
        "stop" : 1670571041672,
        "duration" : 10501
      }
    } ]
  },
  "68206fc84aa4a8af8035aa17df9078c1" : {
    "statistic" : {
      "failed" : 0,
      "broken" : 1,
      "skipped" : 0,
      "passed" : 0,
      "unknown" : 0,
      "total" : 1
    },
    "items" : [ {
      "uid" : "464ee460dced9522",
      "status" : "broken",
      "statusDetails" : "selenium.common.exceptions.NoSuchElementException: Message: no such element: Unable to locate element: {\"method\":\"xpath\",\"selector\":\"(//div[@class='bayCon']//span[@data-tier-no and @data-row-no]//div[@class='gridItemC gridItemC-cs']/div[1][text()=' '])[1]//parent::div\"}\n  (Session info: chrome=108.0.5359.96)\nStacktrace:\nBacktrace:\n\tOrdinal0 [0x0035ACD3+2075859]\n\tOrdinal0 [0x002EEE61+1633889]\n\tOrdinal0 [0x001EB7BD+571325]\n\tOrdinal0 [0x0021AC2F+764975]\n\tOrdinal0 [0x0021AE1B+765467]\n\tOrdinal0 [0x0024D0F2+970994]\n\tOrdinal0 [0x00237364+881508]\n\tOrdinal0 [0x0024B56A+963946]\n\tOrdinal0 [0x00237136+880950]\n\tOrdinal0 [0x0020FEFD+720637]\n\tOrdinal0 [0x00210F3F+724799]\n\tGetHandleVerifier [0x0060EED2+2769538]\n\tGetHandleVerifier [0x00600D95+2711877]\n\tGetHandleVerifier [0x003EA03A+521194]\n\tGetHandleVerifier [0x003E8DA0+516432]\n\tOrdinal0 [0x002F682C+1665068]\n\tOrdinal0 [0x002FB128+1683752]\n\tOrdinal0 [0x002FB215+1683989]\n\tOrdinal0 [0x00306484+1729668]\n\tBaseThreadInitThunk [0x75CD6939+25]\n\tRtlGetFullPathName_UEx [0x775C8FD2+1218]\n\tRtlGetFullPathName_UEx [0x775C8F9D+1165]",
      "time" : {
        "start" : 1670571041729,
        "stop" : 1670571081183,
        "duration" : 39454
      }
    } ]
  },
  "c672673232a62ce3ee24c55b3ecc594a" : {
    "statistic" : {
      "failed" : 1,
      "broken" : 0,
      "skipped" : 0,
      "passed" : 0,
      "unknown" : 0,
      "total" : 1
    },
    "items" : [ {
      "uid" : "6e17592c9e90a62c",
      "status" : "failed",
      "statusDetails" : "AssertionError: FAILURE: \nassert False\n +  where False = bool(False)\ngoinboxprocess\\test_01_goin_box_process.py:39 in testAddBox() -> boxPlan.clickExcute(1)\n..\\..\\PageObject\\BoxManagement\\goInPlan_BoxNumber.py:114 in clickExcute() -> check.is_true(self.has_alert(\"下发执行成功\"))\n\nFAILURE: \nassert '计划' == '执行'\n  - 执行\n  + 计划\ngoinboxprocess\\test_01_goin_box_process.py:39 in testAddBox() -> boxPlan.clickExcute(1)\n..\\..\\PageObject\\BoxManagement\\goInPlan_BoxNumber.py:117 in clickExcute() -> check.equal(tableCheck.get_value(\"计划状态\"), \"执行\")\n\n------------------------------------------------------------\nFailed Checks: 2",
      "time" : {
        "start" : 1670570992814,
        "stop" : 1670571020708,
        "duration" : 27894
      }
    } ]
  },
  "da930382634ae6deb1aa2e6f37eb5dd5" : {
    "statistic" : {
      "failed" : 0,
      "broken" : 1,
      "skipped" : 0,
      "passed" : 0,
      "unknown" : 0,
      "total" : 1
    },
    "items" : [ {
      "uid" : "3ad55049e3bf6a45",
      "status" : "broken",
      "statusDetails" : "Exception: 定位不到元素",
      "time" : {
        "start" : 1670571081232,
        "stop" : 1670571088713,
        "duration" : 7481
      }
    } ]
  },
  "497500db536e59c1f71a45408eb4cd53" : {
    "statistic" : {
      "failed" : 0,
      "broken" : 1,
      "skipped" : 0,
      "passed" : 0,
      "unknown" : 0,
      "total" : 1
    },
    "items" : [ {
      "uid" : "4302b730de6e92d6",
      "status" : "broken",
      "statusDetails" : "Exception: 定位不到元素",
      "time" : {
        "start" : 1670571020723,
        "stop" : 1670571031126,
        "duration" : 10403
      }
    } ]
  }
}